{
  "spider": "DOCKER_ADDRESS/tvbox/libs/xiaoya_proxy.jar;md5;00c03fd4718bee7cb6cb2f8d8df7c3fd",
  "wallpaper": "https://深色壁纸.xxooo.cf/",
  "sites": [
    {
      "key": "Alist",
      "name": "🌟小雅┃高清",
      "type": 3,
      "api": "DOCKER_ADDRESS/tvbox/libs/alist.min.js",
      "searchable": 1,
      "quickSearch": 1,
      "filterable": 0,
      "ext": [
        {
          "name": "丫仙女",
          "server": "DOCKER_ADDRESS/",
          "startPage": "/",
          "search": true
        },
        {
          "name": "每日更新",
          "server": "DOCKER_ADDRESS/",
          "startPage": "/每日更新"
        },
        {
          "name": "电影",
          "server": "DOCKER_ADDRESS/",
          "startPage": "/电影"
        },
        {
          "name": "电视剧",
          "server": "DOCKER_ADDRESS/",
          "startPage": "/电视剧"
        },
        {
          "name": "短剧",
          "server": "DOCKER_ADDRESS/",
          "startPage": "/每日更新/爽文短剧"
        },
        {
          "name": "综艺",
          "server": "DOCKER_ADDRESS/",
          "startPage": "/综艺"
        },
        {
          "name": "纪录片",
          "server": "DOCKER_ADDRESS/",
          "startPage": "/纪录片"
        },
        {
          "name": "动漫",
          "server": "DOCKER_ADDRESS/",
          "startPage": "/动漫"
        },
        {
          "name": "儿童",
          "server": "DOCKER_ADDRESS/",
          "startPage": "/动漫/儿童"
        }
      ],
      "jar": "https://fs-im-kefu.7moor-fs1.com/ly/4d2c3f00-7d4c-11e5-af15-41bf63ae4ea0/1729072166228/fan.txt;md5;0a91b704fc178bc3766d0eb33b7d908e"
    },
    {
      "key": "豆豆",
      "name": "豆瓣推片",
      "type": 3,
      "api": "csp_DouDou",
      "searchable": 0,
      "quickSearch": 0,
      "filterable": 0,
      "jar": "https://fs-im-kefu.7moor-fs1.com/ly/4d2c3f00-7d4c-11e5-af15-41bf63ae4ea0/1729072166228/fan.txt;md5;0a91b704fc178bc3766d0eb33b7d908e"
    },
    {
      "key": "玩偶",
      "name": "👽玩偶哥哥┃4K弹幕",
      "type": 3,
      "api": "csp_WoGG",
      "searchable": 1,
      "quickSearch": 1,
      "changeable": 0,
      "ext": {
        "Cloud-drive": "tvfan/Cloud-drive.txt",
        "from": "4k|auto",
        "siteUrl": "https://www.wogg.net/",
        "danMu": "弹"
      },
      "jar": "https://fs-im-kefu.7moor-fs1.com/ly/4d2c3f00-7d4c-11e5-af15-41bf63ae4ea0/1729072166228/fan.txt;md5;0a91b704fc178bc3766d0eb33b7d908e"
    },
    {
      "key": "YGP",
      "name": "🚀叨观荐影┃新片",
      "type": 3,
      "api": "csp_YGP",
      "searchable": 0,
      "quickSearch": 0,
      "changeable": 0,
      "jar": "https://fs-im-kefu.7moor-fs1.com/ly/4d2c3f00-7d4c-11e5-af15-41bf63ae4ea0/1729072166228/fan.txt;md5;0a91b704fc178bc3766d0eb33b7d908e"
    },
    {
      "key": "alllive",
      "name": "📽️一直播┃LIVE",
      "type": 3,
      "api": "csp_Alllive",
      "playerType": 2,
      "searchable": 0,
      "quickSearch": 0,
      "changeable": 0,
      "jar": "https://fs-im-kefu.7moor-fs1.com/ly/4d2c3f00-7d4c-11e5-af15-41bf63ae4ea0/1729072166228/fan.txt;md5;0a91b704fc178bc3766d0eb33b7d908e"
    },
    {
      "key": "米搜",
      "name": "🦋米盘┃搜搜",
      "type": 3,
      "api": "csp_MIPanSo",
      "searchable": 1,
      "quickSearch": 1,
      "changeable": 0,
      "ext": {
        "Cloud-drive": "tvfan/Cloud-drive.txt",
        "from": "4k|auto"
      },
      "jar": "https://fs-im-kefu.7moor-fs1.com/ly/4d2c3f00-7d4c-11e5-af15-41bf63ae4ea0/1729072166228/fan.txt;md5;0a91b704fc178bc3766d0eb33b7d908e"
    },
    {
      "key": "抠搜",
      "name": "🍄抠抠┃搜搜",
      "type": 3,
      "api": "csp_KkSs",
      "searchable": 1,
      "quickSearch": 1,
      "changeable": 0,
      "ext": {
        "Cloud-drive": "tvfan/Cloud-drive.txt",
        "from": "4k|auto"
      },
      "jar": "https://fs-im-kefu.7moor-fs1.com/ly/4d2c3f00-7d4c-11e5-af15-41bf63ae4ea0/1729072166228/fan.txt;md5;0a91b704fc178bc3766d0eb33b7d908e"
    },
    {
      "key": "Lib",
      "name": "🌟立播┃秒播",
      "type": 3,
      "api": "csp_Libvio",
      "searchable": 1,
      "quickSearch": 1,
      "changeable": 1,
      "ext": {
        "Cloud-drive": "tvfan/Cloud-drive.txt",
        "from": "4k|auto"
      },
      "jar": "https://fs-im-kefu.7moor-fs1.com/ly/4d2c3f00-7d4c-11e5-af15-41bf63ae4ea0/1729072166228/fan.txt;md5;0a91b704fc178bc3766d0eb33b7d908e"
    },
    {
      "key": "文采",
      "name": "💮文采┃秒播",
      "type": 3,
      "api": "csp_Jpys",
      "playerType": 2,
      "searchable": 1,
      "quickSearch": 1,
      "changeable": 1,
      "jar": "https://fs-im-kefu.7moor-fs1.com/ly/4d2c3f00-7d4c-11e5-af15-41bf63ae4ea0/1729072166228/fan.txt;md5;0a91b704fc178bc3766d0eb33b7d908e"
    },
    {
      "key": "糯米",
      "name": "🍓糯米┃秒播",
      "type": 3,
      "api": "csp_Nmyswv",
      "searchable": 1,
      "quickSearch": 1,
      "changeable": 1,
      "jar": "https://fs-im-kefu.7moor-fs1.com/ly/4d2c3f00-7d4c-11e5-af15-41bf63ae4ea0/1729072166228/fan.txt;md5;0a91b704fc178bc3766d0eb33b7d908e"
    },
    {
      "key": "苹果",
      "name": "🍎苹果┃不卡",
      "type": 3,
      "api": "csp_LiteApple",
      "searchable": 1,
      "quickSearch": 1,
      "changeable": 1,
      "jar": "https://fs-im-kefu.7moor-fs1.com/ly/4d2c3f00-7d4c-11e5-af15-41bf63ae4ea0/1729072166228/fan.txt;md5;0a91b704fc178bc3766d0eb33b7d908e"
    },
    {
      "key": "厂长",
      "name": "📔厂长┃不卡",
      "type": 3,
      "api": "csp_NewCz",
      "playerType": 2,
      "searchable": 1,
      "quickSearch": 1,
      "changeable": 1,
      "ext": "http://www.czzy77.com/",
      "jar": "https://fs-im-kefu.7moor-fs1.com/ly/4d2c3f00-7d4c-11e5-af15-41bf63ae4ea0/1729072166228/fan.txt;md5;0a91b704fc178bc3766d0eb33b7d908e"
    },
    {
      "key": "原创",
      "name": "☀原创┃不卡",
      "type": 3,
      "api": "csp_YCyz",
      "playerType": 1,
      "searchable": 1,
      "quickSearch": 1,
      "changeable": 1,
      "jar": "https://fs-im-kefu.7moor-fs1.com/ly/4d2c3f00-7d4c-11e5-af15-41bf63ae4ea0/1729072166228/fan.txt;md5;0a91b704fc178bc3766d0eb33b7d908e"
    },
    {
      "key": "萌米",
      "name": "👀萌米┃多线",
      "type": 3,
      "api": "csp_AppTT",
      "playerType": 2,
      "searchable": 1,
      "quickSearch": 1,
      "changeable": 1,
      "ext": "AO7TcBkd8Iifux0Y8Qze6tVlMg==",
      "jar": "https://fs-im-kefu.7moor-fs1.com/ly/4d2c3f00-7d4c-11e5-af15-41bf63ae4ea0/1729072166228/fan.txt;md5;0a91b704fc178bc3766d0eb33b7d908e"
    },
    {
      "key": "欢视",
      "name": "👓欢视┃多线",
      "type": 3,
      "api": "csp_AppTT",
      "playerType": 2,
      "searchable": 1,
      "quickSearch": 1,
      "changeable": 1,
      "ext": "AO7TcBkd8IPB+BwH4Qma+opv",
      "jar": "https://fs-im-kefu.7moor-fs1.com/ly/4d2c3f00-7d4c-11e5-af15-41bf63ae4ea0/1729072166228/fan.txt;md5;0a91b704fc178bc3766d0eb33b7d908e"
    },
    {
      "key": "南瓜",
      "name": "🎃南瓜┃多线",
      "type": 3,
      "api": "csp_NanGua",
      "playerType": 2,
      "searchable": 1,
      "quickSearch": 1,
      "changeable": 1,
      "jar": "https://fs-im-kefu.7moor-fs1.com/ly/4d2c3f00-7d4c-11e5-af15-41bf63ae4ea0/1729072166228/fan.txt;md5;0a91b704fc178bc3766d0eb33b7d908e"
    },
    {
      "key": "热播",
      "name": "📺热播┃多线",
      "type": 3,
      "api": "csp_AppTT",
      "playerType": 2,
      "searchable": 1,
      "quickSearch": 1,
      "changeable": 1,
      "ext": "AO7TcBkd8I/B5wQc4Qma+pU=",
      "jar": "https://fs-im-kefu.7moor-fs1.com/ly/4d2c3f00-7d4c-11e5-af15-41bf63ae4ea0/1729072166228/fan.txt;md5;0a91b704fc178bc3766d0eb33b7d908e"
    },
    {
      "key": "可可",
      "name": "👻可可┃多线",
      "type": 3,
      "api": "csp_Kekys",
      "playerType": 2,
      "searchable": 1,
      "quickSearch": 1,
      "changeable": 1,
      "jar": "https://fs-im-kefu.7moor-fs1.com/ly/4d2c3f00-7d4c-11e5-af15-41bf63ae4ea0/1729072166228/fan.txt;md5;0a91b704fc178bc3766d0eb33b7d908e"
    },
    {
      "key": "zxzj",
      "name": "🍊在线┃外剧",
      "type": 3,
      "api": "csp_Zxzj",
      "timeout": 15,
      "searchable": 1,
      "quickSearch": 1,
      "changeable": 1,
      "ext": "http://www.zxzjhd.com/",
      "jar": "https://fs-im-kefu.7moor-fs1.com/ly/4d2c3f00-7d4c-11e5-af15-41bf63ae4ea0/1729072166228/fan.txt;md5;0a91b704fc178bc3766d0eb33b7d908e"
    },
    {
      "key": "低端",
      "name": "⏮️低端┃外剧",
      "type": 3,
      "api": "csp_Ddrk",
      "playerType": "2",
      "searchable": 1,
      "quickSearch": 1,
      "changeable": 1,
      "jar": "https://fs-im-kefu.7moor-fs1.com/ly/4d2c3f00-7d4c-11e5-af15-41bf63ae4ea0/1729072166228/fan.txt;md5;0a91b704fc178bc3766d0eb33b7d908e"
    },
    {
      "key": "贱贱",
      "name": "🐭贱贱┃P2P",
      "type": 3,
      "searchable": 1,
      "quickSearch": 1,
      "changeable": 1,
      "playerType": "1",
      "api": "https://gitlab.com/fantaiying/ext/-/raw/main/drpy2.min.js",
      "ext": "https://gitlab.com/fantaiying/ext/-/raw/main/jp.js",
      "jar": "https://fs-im-kefu.7moor-fs1.com/ly/4d2c3f00-7d4c-11e5-af15-41bf63ae4ea0/1729072166228/fan.txt;md5;0a91b704fc178bc3766d0eb33b7d908e"
    },
    {
      "key": "比特",
      "name": "🍄比特┃秒播",
      "type": 3,
      "api": "csp_Bttwoo",
      "searchable": 1,
      "quickSearch": 1,
      "changeable": 1,
      "jar": "https://fs-im-kefu.7moor-fs1.com/ly/4d2c3f00-7d4c-11e5-af15-41bf63ae4ea0/1729072166228/fan.txt;md5;0a91b704fc178bc3766d0eb33b7d908e"
    },
    {
      "key": "Auete",
      "name": "🏝奥特┃无广",
      "type": 3,
      "api": "csp_Auete",
      "timeout": 15,
      "searchable": 1,
      "quickSearch": 1,
      "changeable": 1,
      "ext": "https://auete.pro/",
      "jar": "https://fs-im-kefu.7moor-fs1.com/ly/4d2c3f00-7d4c-11e5-af15-41bf63ae4ea0/1729072166228/fan.txt;md5;0a91b704fc178bc3766d0eb33b7d908e"
    },
    {
      "key": "新6V",
      "name": "🧲新6V┃磁力",
      "type": 3,
      "api": "csp_SixV",
      "searchable": 1,
      "quickSearch": 1,
      "changeable": 0,
      "ext": "https://www.xb6v.com/",
      "jar": "https://fs-im-kefu.7moor-fs1.com/ly/4d2c3f00-7d4c-11e5-af15-41bf63ae4ea0/1729072166228/fan.txt;md5;0a91b704fc178bc3766d0eb33b7d908e"
    },
    {
      "key": "短剧",
      "name": "🌈上头┃短剧",
      "type": 3,
      "api": "csp_Djtt",
      "searchable": 1,
      "quickSearch": 1,
      "changeable": 1,
      "jar": "https://fs-im-kefu.7moor-fs1.com/ly/4d2c3f00-7d4c-11e5-af15-41bf63ae4ea0/1729072166228/fan.txt;md5;0a91b704fc178bc3766d0eb33b7d908e"
    },
    {
      "key": "Dm84",
      "name": "🚌巴士┃动漫",
      "type": 3,
      "api": "csp_Dm84",
      "searchable": 1,
      "quickSearch": 1,
      "changeable": 1,
      "jar": "https://fs-im-kefu.7moor-fs1.com/ly/4d2c3f00-7d4c-11e5-af15-41bf63ae4ea0/1729072166228/fan.txt;md5;0a91b704fc178bc3766d0eb33b7d908e"
    },
    {
      "key": "Ysj",
      "name": "🎀异界┃动漫",
      "type": 3,
      "api": "csp_Ysj",
      "searchable": 1,
      "quickSearch": 1,
      "changeable": 1,
      "jar": "https://fs-im-kefu.7moor-fs1.com/ly/4d2c3f00-7d4c-11e5-af15-41bf63ae4ea0/1729072166228/fan.txt;md5;0a91b704fc178bc3766d0eb33b7d908e"
    },
    {
      "key": "Anime1",
      "name": "🐾日本┃动漫",
      "type": 3,
      "api": "csp_Anime1",
      "searchable": 1,
      "quickSearch": 1,
      "changeable": 1,
      "jar": "https://fs-im-kefu.7moor-fs1.com/ly/4d2c3f00-7d4c-11e5-af15-41bf63ae4ea0/1729072166228/fan.txt;md5;0a91b704fc178bc3766d0eb33b7d908e"
    },
    {
      "key": "926看球",
      "name": "⚽926┃看球",
      "type": 3,
      "api": "csp_kanqiu926",
      "searchable": 0,
      "changeable": 0,
      "style": {
        "type": "list"
      },
      "jar": "https://fs-im-kefu.7moor-fs1.com/ly/4d2c3f00-7d4c-11e5-af15-41bf63ae4ea0/1729072166228/fan.txt;md5;0a91b704fc178bc3766d0eb33b7d908e"
    },
    {
      "key": "88js",
      "name": "⚽ 88┃看球",
      "type": 3,
      "api": "https://gitlab.com/fantaiying/ext/-/raw/main/drpy2.min.js",
      "ext": "https://gitlab.com/fantaiying/ext/-/raw/main/88看球.js",
      "style": {
        "type": "list"
      },
      "searchable": 0,
      "quickSearch": 0,
      "changeable": 0,
      "jar": "https://fs-im-kefu.7moor-fs1.com/ly/4d2c3f00-7d4c-11e5-af15-41bf63ae4ea0/1729072166228/fan.txt;md5;0a91b704fc178bc3766d0eb33b7d908e"
    },
    {
      "key": "310js",
      "name": "⚽ 310┃看球",
      "type": 3,
      "api": "https://gitlab.com/fantaiying/ext/-/raw/main/drpy2.min.js",
      "ext": "https://gitlab.com/fantaiying/ext/-/raw/main/310直播.js",
      "style": {
        "type": "list"
      },
      "searchable": 0,
      "quickSearch": 0,
      "changeable": 0,
      "jar": "https://fs-im-kefu.7moor-fs1.com/ly/4d2c3f00-7d4c-11e5-af15-41bf63ae4ea0/1729072166228/fan.txt;md5;0a91b704fc178bc3766d0eb33b7d908e"
    },
    {
      "key": "Jrsjs",
      "name": "⚽ Jrs┃球迷",
      "type": 3,
      "api": "https://gitlab.com/fantaiying/ext/-/raw/main/drpy2.min.js",
      "ext": "https://gitlab.com/fantaiying/ext/-/raw/main/jrk.js",
      "style": {
        "type": "list"
      },
      "searchable": 0,
      "quickSearch": 0,
      "changeable": 0,
      "jar": "https://fs-im-kefu.7moor-fs1.com/ly/4d2c3f00-7d4c-11e5-af15-41bf63ae4ea0/1729072166228/fan.txt;md5;0a91b704fc178bc3766d0eb33b7d908e"
    },
    {
      "key": "企鹅xp",
      "name": "🐧鹅鹅┃体育",
      "type": 3,
      "api": "csp_XPath",
      "style": {
        "type": "list"
      },
      "searchable": 0,
      "quickSearch": 0,
      "changeable": 0,
      "ext": "https://gitlab.com/fantaiying/ext/-/raw/main/企鹅直播.json",
      "jar": "https://fs-im-kefu.7moor-fs1.com/ly/4d2c3f00-7d4c-11e5-af15-41bf63ae4ea0/1729072166228/fan.txt;md5;0a91b704fc178bc3766d0eb33b7d908e"
    },
    {
      "key": "酷奇",
      "name": "🎤酷奇┃MV",
      "type": 3,
      "api": "https://gitlab.com/fantaiying/ext/-/raw/main/drpy2.min.js",
      "ext": "https://gitlab.com/fantaiying/ext/-/raw/main/酷奇MV.js",
      "style": {
        "type": "rect",
        "ratio": 1.597
      },
      "searchable": 0,
      "quickSearch": 0,
      "changeable": 0,
      "jar": "https://fs-im-kefu.7moor-fs1.com/ly/4d2c3f00-7d4c-11e5-af15-41bf63ae4ea0/1729072166228/fan.txt;md5;0a91b704fc178bc3766d0eb33b7d908e"
    },
    {
      "key": "MTV",
      "name": "🎧明星┃MV",
      "type": 3,
      "api": "csp_Bili",
      "style": {
        "type": "rect",
        "ratio": 1.597
      },
      "searchable": 0,
      "quickSearch": 0,
      "changeable": 0,
      "ext": "https://gitlab.com/fantaiying/ext/-/raw/main/MTV.json",
      "jar": "https://fs-im-kefu.7moor-fs1.com/ly/4d2c3f00-7d4c-11e5-af15-41bf63ae4ea0/1729072166228/fan.txt;md5;0a91b704fc178bc3766d0eb33b7d908e"
    },
    {
      "key": "虎牙直播js",
      "name": "🐯虎牙┃直播",
      "type": 3,
      "api": "https://gitlab.com/fantaiying/ext/-/raw/main/drpy2.js",
      "ext": "https://gitlab.com/fantaiying/ext/-/raw/main/huya2.js",
      "style": {
        "type": "rect",
        "ratio": 1.755
      },
      "playerType": "2",
      "searchable": 0,
      "quickSearch": 0,
      "changeable": 0,
      "jar": "https://fs-im-kefu.7moor-fs1.com/ly/4d2c3f00-7d4c-11e5-af15-41bf63ae4ea0/1729072166228/fan.txt;md5;0a91b704fc178bc3766d0eb33b7d908e"
    },
    {
      "key": "斗鱼js",
      "name": "🐟斗鱼┃直播",
      "type": 3,
      "api": "https://gitlab.com/fantaiying/ext/-/raw/main/drpy2.min.js",
      "ext": "https://gitlab.com/fantaiying/ext/-/raw/main/斗鱼直播.js",
      "style": {
        "type": "rect",
        "ratio": 1.755
      },
      "playerType": "2",
      "searchable": 0,
      "quickSearch": 0,
      "changeable": 0,
      "jar": "https://fs-im-kefu.7moor-fs1.com/ly/4d2c3f00-7d4c-11e5-af15-41bf63ae4ea0/1729072166228/fan.txt;md5;0a91b704fc178bc3766d0eb33b7d908e"
    },
    {
      "key": "有声小说js",
      "name": "🎧有声┃小说",
      "type": 3,
      "api": "https://gitlab.com/fantaiying/ext/-/raw/main/drpy2.min.js",
      "ext": "https://gitlab.com/fantaiying/ext/-/raw/main/有声小说吧.js",
      "style": {
        "type": "rect",
        "ratio": 1
      },
      "searchable": 0,
      "quickSearch": 0,
      "changeable": 0,
      "jar": "https://fs-im-kefu.7moor-fs1.com/ly/4d2c3f00-7d4c-11e5-af15-41bf63ae4ea0/1729072166228/fan.txt;md5;0a91b704fc178bc3766d0eb33b7d908e"
    },
    {
      "key": "Aid",
      "name": "🚑急救┃教学",
      "type": 3,
      "api": "csp_FirstAid",
      "searchable": 0,
      "quickSearch": 0,
      "changeable": 0,
      "style": {
        "type": "rect",
        "ratio": 3.8
      },
      "jar": "https://fs-im-kefu.7moor-fs1.com/ly/4d2c3f00-7d4c-11e5-af15-41bf63ae4ea0/1729072166228/fan.txt;md5;0a91b704fc178bc3766d0eb33b7d908e"
    },
    {
      "key": "Sso",
      "name": "🐌盘他┃三盘",
      "type": 3,
      "api": "https://gitlab.com/fantaiying/ext/-/raw/main/drpy2.min.js",
      "ext": "https://gitlab.com/fantaiying/ext/-/raw/main/盘他.js",
      "searchable": 1,
      "quickSearch": 1,
      "changeable": 0,
      "jar": "https://fs-im-kefu.7moor-fs1.com/ly/4d2c3f00-7d4c-11e5-af15-41bf63ae4ea0/1729072166228/fan.txt;md5;0a91b704fc178bc3766d0eb33b7d908e"
    },
    {
      "key": "夸搜",
      "name": "🐟夸搜┃狸夸",
      "type": 3,
      "api": "csp_PanSearch",
      "searchable": 1,
      "quickSearch": 1,
      "changeable": 0,
      "ext": {
        "pan": "quark",
        "Cloud-drive": "tvfan/Cloud-drive.txt",
        "from": "4k|auto"
      },
      "jar": "https://fs-im-kefu.7moor-fs1.com/ly/4d2c3f00-7d4c-11e5-af15-41bf63ae4ea0/1729072166228/fan.txt;md5;0a91b704fc178bc3766d0eb33b7d908e"
    },
    {
      "key": "YiSo",
      "name": "😹易搜┃阿狸",
      "type": 3,
      "api": "csp_YiSo",
      "searchable": 1,
      "quickSearch": 1,
      "changeable": 0,
      "ext": {
        "Cloud-drive": "tvfan/Cloud-drive.txt",
        "from": "4k|auto"
      },
      "jar": "https://fs-im-kefu.7moor-fs1.com/ly/4d2c3f00-7d4c-11e5-af15-41bf63ae4ea0/1729072166228/fan.txt;md5;0a91b704fc178bc3766d0eb33b7d908e"
    },
    {
      "key": "PanSearch",
      "name": "🙀盘Se┃阿狸",
      "type": 3,
      "api": "csp_PanSearch",
      "searchable": 1,
      "quickSearch": 1,
      "changeable": 0,
      "ext": {
        "Cloud-drive": "tvfan/Cloud-drive.txt",
        "from": "4k|auto"
      },
      "jar": "https://fs-im-kefu.7moor-fs1.com/ly/4d2c3f00-7d4c-11e5-af15-41bf63ae4ea0/1729072166228/fan.txt;md5;0a91b704fc178bc3766d0eb33b7d908e"
    },
    {
      "key": "push_agent",
      "name": "🛴手机┃推送",
      "type": 3,
      "api": "csp_Push",
      "searchable": 0,
      "quickSearch": 0,
      "ext": {
        "Cloud-drive": "tvfan/Cloud-drive.txt",
        "from": "4k|auto"
      },
      "jar": "https://fs-im-kefu.7moor-fs1.com/ly/4d2c3f00-7d4c-11e5-af15-41bf63ae4ea0/1729072166228/fan.txt;md5;0a91b704fc178bc3766d0eb33b7d908e"
    },
    {
      "key": "Bili",
      "name": "🅱哔哔┃合集",
      "type": 3,
      "api": "csp_Bili",
      "style": {
        "type": "rect",
        "ratio": 1.597
      },
      "searchable": 1,
      "quickSearch": 0,
      "changeable": 0,
      "ext": "https://gitlab.com/fantaiying/ext/-/raw/main/bilibili.json",
      "jar": "https://fs-im-kefu.7moor-fs1.com/ly/4d2c3f00-7d4c-11e5-af15-41bf63ae4ea0/1729072166228/fan.txt;md5;0a91b704fc178bc3766d0eb33b7d908e"
    },
    {
      "key": "Biliych",
      "name": "🅱明星┃演唱会",
      "type": 3,
      "api": "csp_Bili",
      "style": {
        "type": "rect",
        "ratio": 1.597
      },
      "searchable": 1,
      "quickSearch": 0,
      "changeable": 0,
      "ext": "https://gitlab.com/fantaiying/ext/-/raw/main/biliych.json",
      "jar": "https://fs-im-kefu.7moor-fs1.com/ly/4d2c3f00-7d4c-11e5-af15-41bf63ae4ea0/1729072166228/fan.txt;md5;0a91b704fc178bc3766d0eb33b7d908e"
    },
    {
      "key": "dr_兔小贝",
      "name": "📚儿童┃启蒙",
      "type": 3,
      "api": "https://gitlab.com/fantaiying/ext/-/raw/main/drpy2.min.js",
      "ext": "https://gitlab.com/fantaiying/ext/-/raw/main/%E5%85%94%E5%B0%8F%E8%B4%9D.js",
      "style": {
        "type": "rect",
        "ratio": 1.597
      },
      "searchable": 0,
      "quickSearch": 0,
      "changeable": 0,
      "jar": "https://fs-im-kefu.7moor-fs1.com/ly/4d2c3f00-7d4c-11e5-af15-41bf63ae4ea0/1729072166228/fan.txt;md5;0a91b704fc178bc3766d0eb33b7d908e"
    },
    {
      "key": "少儿教育",
      "name": "📚少儿┃教育",
      "type": 3,
      "api": "csp_Bili",
      "style": {
        "type": "rect",
        "ratio": 1.597
      },
      "searchable": 0,
      "quickSearch": 0,
      "changeable": 0,
      "ext": "https://gitlab.com/fantaiying/ext/-/raw/main/少儿教育.json",
      "jar": "https://fs-im-kefu.7moor-fs1.com/ly/4d2c3f00-7d4c-11e5-af15-41bf63ae4ea0/1729072166228/fan.txt;md5;0a91b704fc178bc3766d0eb33b7d908e"
    },
    {
      "key": "小学课堂",
      "name": "📚小学┃课堂",
      "type": 3,
      "api": "csp_Bili",
      "style": {
        "type": "rect",
        "ratio": 1.597
      },
      "searchable": 0,
      "quickSearch": 0,
      "changeable": 0,
      "ext": "https://gitlab.com/fantaiying/ext/-/raw/main/小学课堂.json",
      "jar": "https://fs-im-kefu.7moor-fs1.com/ly/4d2c3f00-7d4c-11e5-af15-41bf63ae4ea0/1729072166228/fan.txt;md5;0a91b704fc178bc3766d0eb33b7d908e"
    },
    {
      "key": "初中课堂",
      "name": "📚初中┃课堂",
      "type": 3,
      "api": "csp_Bili",
      "style": {
        "type": "rect",
        "ratio": 1.597
      },
      "searchable": 0,
      "quickSearch": 0,
      "changeable": 0,
      "ext": "https://gitlab.com/fantaiying/ext/-/raw/main/初中课堂.json",
      "jar": "https://fs-im-kefu.7moor-fs1.com/ly/4d2c3f00-7d4c-11e5-af15-41bf63ae4ea0/1729072166228/fan.txt;md5;0a91b704fc178bc3766d0eb33b7d908e"
    },
    {
      "key": "高中教育",
      "name": "📚高中┃课堂",
      "type": 3,
      "api": "csp_Bili",
      "style": {
        "type": "rect",
        "ratio": 1.597
      },
      "searchable": 0,
      "quickSearch": 0,
      "changeable": 0,
      "ext": "https://gitlab.com/fantaiying/ext/-/raw/main/高中课堂.json",
      "jar": "https://fs-im-kefu.7moor-fs1.com/ly/4d2c3f00-7d4c-11e5-af15-41bf63ae4ea0/1729072166228/fan.txt;md5;0a91b704fc178bc3766d0eb33b7d908e"
    }
  ],
  "logo": "https://fs-im-kefu.7moor-fs1.com/ly/4d2c3f00-7d4c-11e5-af15-41bf63ae4ea0/1716545739254/fc1b89e152cd4aa28d295107cb6c56c9.gif",
  "lives": [
    {
      "name": "我的私用",
      "type": 0,
      "url": "DOCKER_ADDRESS/tvbox/iptv.m3u",
      "playerType": 1,
      "ua": "okhttp/3.15",
      "epg": "http://epg.112114.xyz/?ch={name}&date={date}",
      "logo": "https://epg.112114.xyz/logo/{name}.png"
    },
    {
      "name": "LIVE",
      "type": 0,
      "url": "https://ghp.ci/https://raw.githubusercontent.com/wwb521/live/main/tv.m3u",
      "playerType": 1,
      "epg": "http://epg.51zmt.top:8000/api/diyp/?ch={name}&date={date}",
      "logo": "https://live.fanmingming.com/tv/{name}.png"
    },
    {
      "name": "IPV6",
      "type": 0,
      "url": "https://live.fanmingming.com/tv/m3u/ipv6.m3u",
      "playerType": 1
    }
  ]
}