{
  "startPages": [
    {
      "startPage": "/",
      "names": [
        "元数据",
        "©️ v.1110.1326(B)",
        "体育",
        "动漫",
        "教育",
        "整理中",
        "曲艺",
        "有声书",
        "每日更新",
        "游戏",
        "电子书",
        "电影",
        "电视剧",
        "纪录片",
        "综艺",
        "资料",
        "音乐",
        "🈴我的阿里分享",
        "📀我的阿里云盘",
        "📺画质演示测试（4K，8K，HDR，Dolby）",
        "🛠️安装，配置，修复 xiaoya docker 指南"
      ]
    },
    {
      "startPage": "/每日更新",
      "names": [
        "PikPak",
        "动漫",
        "电影",
        "电视剧",
        "纪录片",
        "美剧（已刮削）",
        "补缺（因阿里风控而删除的内容）",
        "音乐"
      ]
    },
    {
      "startPage": "/电影",
      "names": [
        "2022",
        "2023",
        "4K REMUX",
        "4K系列",
        "4K（按字母分类）",
        "中国",
        "人人影视电影合集",
        "俄罗斯",
        "印度",
        "奥斯卡获奖电影（1988-2022）",
        "恐怖片",
        "按字母分类",
        "按导演和演员",
        "日本",
        "未分类-2",
        "杜比视界",
        "欧美",
        "泰国",
        "港台",
        "蓝光原盘",
        "豆瓣 top 1000部",
        "韩国"
      ]
    },
    {
      "startPage": "/电视剧",
      "names": [
        "中国",
        "俄罗斯",
        "德国",
        "新加坡",
        "日本",
        "欧美",
        "法国",
        "泰剧",
        "港台",
        "英国",
        "韩国"
      ]
    },
    {
      "startPage": "/每日更新/爽文短剧",
      "names": [
      ]
    },
    {
      "startPage": "/综艺",
      "names": [
        "国内综艺",
        "日本综艺",
        "欧美综艺",
        "港台综艺",
        "韩国综艺"
      ]
    },
    {
      "startPage": "/纪录片",
      "names": [
        "BBC 地平线系列",
        "NHK纪实72小时",
        "TED演讲合集",
        "【历史影像】",
        "世界历史",
        "中国历史",
        "人体与心理",
        "人文",
        "人物传记",
        "体育运动",
        "健康与养生",
        "军事战争",
        "农业粮食",
        "动物植物",
        "商业经济",
        "地理风光",
        "宇宙太空",
        "宗教神话",
        "工程",
        "建筑与园林",
        "性话题",
        "探索",
        "政治",
        "教育",
        "数学",
        "文明",
        "流行娱乐",
        "游戏",
        "灾难",
        "犯罪",
        "生态气候",
        "生物医疗",
        "百家讲坛",
        "社会",
        "科学技术",
        "美食",
        "考古",
        "自然",
        "荒野求生系列",
        "谍战",
        "阴谋论和超自然",
        "音乐，艺术与设计",
        "4K REMUX",
        "BBC",
        "NHK",
        "回形针",
        "国家地理杂志"
      ]
    },
    {
      "startPage": "/动漫",
      "names": [
        "A-Z",
        "儿童",
        "国漫",
        "姬路白雪",
        "已刮削"
      ]
    },
    {
      "startPage": "/动漫/儿童",
      "names": [
        "BBC 字母积木 1-4季",
        "BBC 幼儿英语启蒙 Yakka Dee",
        "DIdi’s Day 幼儿英语启蒙动画全30集",
        "Little Fox 9级英语动画",
        "Little Fox 儿歌动画片",
        "cocomelon 528级英文动画",
        "【合集】爷青回",
        "【合集】电影",
        "【合集】迪士尼动画",
        "【看鉴】二十四简史",
        "【看鉴】五代十国创业史",
        "一分钟科学实验",
        "上海美术制片厂动画合集",
        "中华经典 - 三字经",
        "中华经典 - 中华3000字",
        "中华经典 - 二十四孝",
        "中华经典 - 二十四节气",
        "中华经典 - 千字文",
        "中华经典 - 唐诗三百首 儿童唱游动画版",
        "中华经典 - 唐诗三百首 微电影",
        "中华经典 - 增广贤文",
        "中华经典 - 字有道理",
        "中华经典 - 弟子规",
        "中华经典 - 成语故事",
        "中华经典 - 汉字宫 1-4部",
        "中华经典 - 汉字思维",
        "中华经典 - 河小象写字课",
        "中华经典 - 百家姓",
        "中华经典 - 论语",
        "乐乐四大名著动画",
        "会唱歌的小海象",
        "佩格和小猫",
        "假日博物馆 1-7",
        "儿歌大全 570首",
        "儿童拼音启蒙",
        "儿童趣味科学实验",
        "兔小贝成语故事",
        "凯叔讲故事",
        "加菲猫",
        "动物王国大冒险（英语启蒙）",
        "卡尔的洗车店 Carl’s Car Wash",
        "史提夫少儿趣味英语",
        "咪好一家",
        "嗨！道奇 双语版",
        "大块头玛泽 Big Muzzy",
        "大草原上的小老鼠",
        "天线宝宝",
        "如果历史是一群喵",
        "学而思拼音课",
        "安徒生童话动画全集",
        "宝宝巴士",
        "宝宝读音",
        "寓言故事",
        "小公主苏菲亚",
        "小灯塔系列",
        "小熊工程车",
        "小猪佩奇 1~8季",
        "小猪佩奇英语课堂",
        "小鸡彩虹",
        "尼尔斯骑鹅旅行记",
        "工程车益趣园 1-3季（英语启蒙）",
        "巧虎全集",
        "巴布工程师",
        "布鲁伊 Bluey 1-3季",
        "平博士密码",
        "幼儿园儿歌舞蹈",
        "快乐东西",
        "怪物数学小分队",
        "托马斯和他的朋友们",
        "故宫里的大怪兽",
        "数字积木 Number Blocks",
        "数字虫 The Numtums",
        "数学城小姐弟 Team Umizoomi",
        "斑马思维课",
        "新唐老鸭俱乐部",
        "汪汪队立大功",
        "洪恩小小幼儿英语",
        "海尔兄弟",
        "海绵宝宝",
        "海豹看看",
        "熊出没系列",
        "爆笑中国历史 1-4季",
        "爆笑虫子 1-3季",
        "爱探险的朵拉 1-8季",
        "猫和老鼠",
        "瑞奇冲冲冲",
        "瑞奇宝宝",
        "瓜瓜龙英语",
        "神奇校车 1-4季",
        "米卡成长天地",
        "米卡早教",
        "米奇妙妙屋 1-5季",
        "米小圈 动画中国史",
        "米小圈 动画成语课",
        "米小圈 动画识字课",
        "米小圈 古诗动画课",
        "米老鼠和唐老鸭",
        "精灵宝可梦",
        "芝麻街",
        "芭比",
        "花园宝宝",
        "获奖绘本视频-148个",
        "萌眼看世界",
        "萌鸡小学堂",
        "萌鸡小队",
        "蓝色小考拉 Penelope",
        "螺丝钉（科学知识动画片）",
        "讲给孩子的趣味中国史",
        "识字不用教",
        "贝乐虎儿歌动画",
        "贝瓦早教儿歌大全",
        "超级JOJO",
        "超级为什么 1-3季",
        "超级飞侠",
        "趣趣知知鸟",
        "车宝四兄弟",
        "阿U学科学",
        "雪王驾到",
        "宫崎骏-合集",
        "新海诚-系列"
      ]
    }
  ]
}
